{
 "hgb_loso_auroc": 0.937959056102516,
 "mr_loso_auroc": 0.8960775121112674,
 "hgb_per_subject": {
  "S1": 0.94921875,
  "S2": 0.9652173913043478,
  "S3": 0.9675324675324676,
  "S4": 0.8735294117647059
 },
 "mr_per_subject": {
  "S1": 0.98828125,
  "S2": 0.8139130434782609,
  "S3": 0.9307359307359307,
  "S4": 0.9352941176470588
 },
 "paired_delta": 0.04153281033907723,
 "paired_delta_ci": [
  -0.013758683583280234,
  0.0993916952314606
 ]
}