{
 "n": 160,
 "falls": 79,
 "nonfalls": 81,
 "auroc": 0.9632755117987185,
 "auroc_ci": [
  0.9361952243890979,
  0.9849170344916232
 ],
 "threshold": 0.5,
 "recall": 0.9240506329113924,
 "recall_wilson": [
  0.8440458309717235,
  0.9647279515496334
 ],
 "precision": 0.8795180722891566,
 "precision_wilson": [
  0.7922368486742836,
  0.933223097019158
 ],
 "tp": 73,
 "fp": 10,
 "fn": 6,
 "tn": 71,
 "op_points": {
  "0.01": {
   "recall": 0.6075949367088608,
   "k": 48,
   "n": 79,
   "fpr": 0.0,
   "wilson": [
    0.4973399088270548,
    0.7078713494246327
   ]
  },
  "0.02": {
   "recall": 0.7468354430379747,
   "k": 59,
   "n": 79,
   "fpr": 0.012345679012345678,
   "wilson": [
    0.6410574056272599,
    0.8297213633030821
   ]
  },
  "0.05": {
   "recall": 0.8607594936708861,
   "k": 68,
   "n": 79,
   "fpr": 0.04938271604938271,
   "wilson": [
    0.7676266841134809,
    0.9204345935539421
   ]
  },
  "0.1": {
   "recall": 0.9113924050632911,
   "k": 72,
   "n": 79,
   "fpr": 0.09876543209876543,
   "wilson": [
    0.828216577537883,
    0.9564147040126869
   ]
  }
 }
}