{
 "0": {
  "dts_hgb": [
   0.7147862895522689,
   0.0
  ],
  "multirocket": [
   0.7582489585113834,
   0.0
  ],
  "minirocket": [
   0.7137556934152447,
   0.0
  ]
 },
 "25": {
  "dts_hgb": [
   0.7510994701227666,
   0.005485888078097944
  ],
  "multirocket": [
   0.7722845048613974,
   0.014196738490264756
  ],
  "minirocket": [
   0.7304429720046519,
   0.009308506146986235
  ]
 },
 "50": {
  "dts_hgb": [
   0.7823072617647158,
   0.007550933555880792
  ],
  "multirocket": [
   0.7998937564307523,
   0.013329012587261593
  ],
  "minirocket": [
   0.7478652415951952,
   0.010754943207119366
  ]
 },
 "100": {
  "dts_hgb": [
   0.813325021533594,
   0.007399364524885496
  ],
  "multirocket": [
   0.8181086633754621,
   0.009458213839859769
  ],
  "minirocket": [
   0.7759500755770501,
   0.010601504183891098
  ]
 },
 "200": {
  "dts_hgb": [
   0.8574509587057724,
   0.0
  ],
  "multirocket": [
   0.8639043338662269,
   0.0
  ],
  "minirocket": [
   0.824609295139273,
   0.0
  ]
 }
}