{"K0_s0": {"K": 0, "seed": 0, "minirocket": 0.7047316930934977, "dts_hgb": 0.7187461247909481}, "K25_s0": {"K": 25, "seed": 0, "minirocket": 0.7265920615609426, "dts_hgb": 0.7643571258600869}, "K25_s1": {"K": 25, "seed": 1, "minirocket": 0.7181679854945688, "dts_hgb": 0.756157602447959}, "K25_s2": {"K": 25, "seed": 2, "minirocket": 0.736680173341243, "dts_hgb": 0.7614748082085725}, "K25_s3": {"K": 25, "seed": 3, "minirocket": 0.7237265015701928, "dts_hgb": 0.7452634471848806}, "K25_s4": {"K": 25, "seed": 4, "minirocket": 0.7187528278552542, "dts_hgb": 0.7615133508283312}, "K50_s0": {"K": 50, "seed": 0, "minirocket": 0.7546594675756022, "dts_hgb": 0.7872179266751795}, "K50_s1": {"K": 50, "seed": 1, "minirocket": 0.7533255577787386, "dts_hgb": 0.7557034698412379}, "K50_s2": {"K": 50, "seed": 2, "minirocket": 0.76512295095703, "dts_hgb": 0.7986047571647379}, "K50_s3": {"K": 50, "seed": 3, "minirocket": 0.7671740886346194, "dts_hgb": 0.7794138840570967}, "K50_s4": {"K": 50, "seed": 4, "minirocket": 0.7564274007862695, "dts_hgb": 0.7674673476980001}, "K100_s0": {"K": 100, "seed": 0, "minirocket": 0.7784871854168133, "dts_hgb": 0.8112165726561897}, "K100_s1": {"K": 100, "seed": 1, "minirocket": 0.7752026839069481, "dts_hgb": 0.8011804096242597}, "K100_s2": {"K": 100, "seed": 2, "minirocket": 0.7842048992697012, "dts_hgb": 0.8207784938884811}, "K100_s3": {"K": 100, "seed": 3, "minirocket": 0.7770879207429677, "dts_hgb": 0.8100887820867311}, "K100_s4": {"K": 100, "seed": 4, "minirocket": 0.7839602374225376, "dts_hgb": 0.810574754248905}, "K200_s0": {"K": 200, "seed": 0, "minirocket": 0.8185597796032457, "dts_hgb": 0.8550361797895909}, "K200_s1": {"K": 200, "seed": 1, "minirocket": 0.8185597796032457, "dts_hgb": 0.8550361797895909}, "K200_s2": {"K": 200, "seed": 2, "minirocket": 0.8185597796032457, "dts_hgb": 0.8550361797895909}, "K200_s3": {"K": 200, "seed": 3, "minirocket": 0.8185597796032457, "dts_hgb": 0.8550361797895909}, "K200_s4": {"K": 200, "seed": 4, "minirocket": 0.8185597796032457, "dts_hgb": 0.8550361797895909}}