{
 "0": {
  "hgb": [
   0.7187461247909481,
   0.0
  ],
  "mr": [
   0.7047316930934977,
   0.0
  ]
 },
 "25": {
  "hgb": [
   0.757753266905966,
   0.006784405583157868
  ],
  "mr": [
   0.7247839099644402,
   0.006723883030469901
  ]
 },
 "50": {
  "hgb": [
   0.7776814770872504,
   0.014960548088485225
  ],
  "mr": [
   0.759341893146452,
   0.005681189695389958
  ]
 },
 "100": {
  "hgb": [
   0.8107678025009133,
   0.0062101815630652615
  ],
  "mr": [
   0.7797885853517935,
   0.003658530655955039
  ]
 },
 "200": {
  "hgb": [
   0.855036179789591,
   1.1102230246251565e-16
  ],
  "mr": [
   0.8185597796032458,
   1.1102230246251565e-16
  ]
 }
}