{"tcn": [0.01313871253337835, 0.04223799374784991], "multirocket": [-0.0048390750272787435, 0.010907749446977921], "inception": [-0.001967560107318452, 0.014843408684656216]}