{
 "auroc": 0.9833963430735443,
 "auroc_ci": [
  0.9773532480520204,
  0.9889468782008997
 ],
 "f1": 0.9413854351687388,
 "f1_ci": [
  0.9268259573998454,
  0.9555170027678924
 ],
 "precision": 0.9601449275362319,
 "precision_ci": [
  0.9434578853720272,
  0.9754394240317776
 ],
 "recall": 0.9233449477351916,
 "recall_ci": [
  0.8996434626276175,
  0.946184360092427
 ],
 "accuracy": 0.9408071748878923,
 "accuracy_ci": [
  0.9264573991031391,
  0.9542825112107624
 ],
 "tp": 530,
 "fp": 22,
 "fn": 44,
 "tn": 519,
 "threshold": 0.56,
 "delta_hgb_minus_inception": 0.006076629290190372,
 "delta_ci": [
  -0.0002224140660993634,
  0.012332887275287733
 ],
 "n_networks": 3,
 "epochs": 20
}