{"alpha": 1000.0, "val_auroc": 0.9811368221910267, "test_auroc": 0.9796769435874977}