{
 "alpha": 1000.0,
 "val_auroc": 0.9880652286575394,
 "auroc": 0.9868130381858348,
 "f1": 0.9492119089316987,
 "precision": 0.954225352112676,
 "recall": 0.9442508710801394,
 "accuracy": 0.9479820627802691,
 "tp": 542,
 "fp": 26,
 "fn": 32,
 "tn": 515,
 "threshold": 0.52,
 "auroc_ci": [
  0.9807745865935843,
  0.9920019757381965
 ],
 "delta_hgb_minus_multirocket": 0.002659934177899892,
 "delta_ci": [
  -0.0034524310095648686,
  0.008568179341246991
 ],
 "metric_cis": {
  "f1": [
   0.9352501332267519,
   0.9623296877301517
  ],
  "prec": [
   0.9371589484551287,
   0.970590770791075
  ],
  "rec": [
   0.9239121032044532,
   0.9627763802165222
  ],
  "acc": [
   0.9345291479820628,
   0.9605381165919282
  ]
 }
}