{
 "auroc": 0.9629283749927545,
 "f1": 0.910333048676345,
 "precision": 0.8927973199329984,
 "recall": 0.9285714285714286,
 "accuracy": 0.905829596412556,
 "tp": 533,
 "fp": 64,
 "fn": 41,
 "tn": 477,
 "threshold": 0.23,
 "val_best_auroc": 0.9670083070436284,
 "epochs": 20,
 "params": 43713,
 "auroc_ci": [
  0.9522585547732606,
  0.9734374209968202
 ],
 "delta_hgb_minus_tcn": 0.02654459737098014,
 "delta_ci": [
  0.016289261061539495,
  0.0377055467134404
 ],
 "metric_cis": {
  "f1": [
   0.8931317528406449,
   0.9277646488324768
  ],
  "prec": [
   0.8677346287075125,
   0.9159864840387452
  ],
  "rec": [
   0.908788793065086,
   0.9503427693578159
  ],
  "acc": [
   0.8887892376681614,
   0.9228699551569507
  ]
 }
}