{
 "S1": {
  "auroc": 0.94921875,
  "n": 32,
  "falls": 16
 },
 "S2": {
  "auroc": 0.9721739130434783,
  "n": 48,
  "falls": 25
 },
 "S3": {
  "auroc": 0.9978354978354979,
  "n": 43,
  "falls": 21
 },
 "S4": {
  "auroc": 0.9235294117647059,
  "n": 37,
  "falls": 17
 }
}