{
 "DTS+HGB": {
  "S1": 0.953125,
  "S2": 0.968695652173913,
  "S3": 0.9696969696969697,
  "S4": 0.8705882352941177,
  "mean": 0.9405264642912501
 },
 "alpha-only+LR": {
  "S1": 0.9765625,
  "S2": 0.9443478260869566,
  "S3": 0.9653679653679653,
  "S4": 0.7823529411764706,
  "mean": 0.9171578081578481
 },
 "MiniROCKET": {
  "S1": 0.98828125,
  "S2": 0.8156521739130435,
  "S3": 0.9415584415584415,
  "S4": 0.926470588235294,
  "mean": 0.9179906134266947
 },
 "MultiROCKET": {
  "S1": 0.98828125,
  "S2": 0.8817391304347827,
  "S3": 0.948051948051948,
  "S4": 0.9176470588235294,
  "mean": 0.933929846827565
 }
}