{
 "pooled_oof_auroc_hgb": 0.9401468979528051,
 "pooled_oof_auroc_multirocket": 0.9284263166119706,
 "delta": 0.011720581340834535,
 "delta_ci": [
  -0.03355153822105658,
  0.05635244289408566
 ],
 "n": 160
}