{"auroc": 0.7782056567159678, "auroc_sd": 0.0, "auroc_ci": [0.7782056567159678, 0.7782056567159678], "f1": 0.7816337426588361, "n_test": 1547, "seeds": 5}