{"auroc": 0.7978925565822415, "auroc_sd": 0.004821267827831496, "auroc_ci": [0.7936665290027419, 0.802118584161741], "f1": 0.7873370523604988, "n_test": 1547, "seeds": 5}