{"auroc": 0.8607890847300844, "auroc_sd": 0.007983404532378518, "auroc_ci": [0.8537913221213833, 0.8677868473387855], "f1": 0.8207996972650307, "n_test": 1547, "seeds": 5}