{"auroc": 0.895046770631194, "auroc_sd": 0.0, "auroc_ci": [0.895046770631194, 0.895046770631194], "f1": 0.832498608792432, "n_test": 1547, "seeds": 5}