{"auroc": 0.8159734022408344, "auroc_sd": 0.009071557574819453, "auroc_ci": [0.8080218314363874, 0.8239249730452813], "f1": 0.7957640720997926, "n_test": 1547, "seeds": 5}