{"auroc": 0.7884140885005579, "auroc_sd": 0.002187908683427291, "auroc_ci": [0.7864963019830334, 0.7903318750180824], "f1": 0.7819894847784574, "n_test": 1547, "seeds": 5}