{"auroc": 0.8402505605437526, "auroc_sd": 0.007932198560734256, "auroc_ci": [0.8332976819481641, 0.847203439139341], "f1": 0.8068397419537743, "n_test": 1547, "seeds": 5}