{
  "protocol": "strict_unique_feature_group_twinfree",
  "seed": 20260610,
  "data_dir": "/Users/rudrachopra/Documents/Codex/2026-06-10/files-mentioned-by-the-user-paper/work/revised_paper/data/fallvision_extracted",
  "min_frames": 10,
  "dedup": {
    "n_input_clips": 5793,
    "n_feature_groups": 5572,
    "n_kept_representatives": 5572,
    "n_ambiguous_groups_dropped": 0,
    "n_clips_in_ambiguous_groups_dropped": 0,
    "n_duplicate_members_removed": 221
  },
  "split": {
    "train": {
      "n": 3565,
      "falls": 1834,
      "nonfalls": 1731
    },
    "val": {
      "n": 892,
      "falls": 459,
      "nonfalls": 433
    },
    "test": {
      "n": 1115,
      "falls": 574,
      "nonfalls": 541
    }
  },
  "tau_star": 0.3,
  "models": {
    "DTS+LR": {
      "threshold": 0.48000000000000004,
      "auroc": 0.9432912338101463,
      "auprc": 0.9333827103295338,
      "f1": 0.8902333621434745,
      "precision": 0.8833619210977701,
      "recall": 0.8972125435540069,
      "accuracy": 0.8860986547085202,
      "tp": 515,
      "fp": 68,
      "fn": 59,
      "tn": 473,
      "threshold_source": "validation_f1_grid",
      "ci95": {
        "auroc": [
          0.9297393437682288,
          0.9558555038199382
        ],
        "auprc": [
          0.9124640296207012,
          0.951159366927582
        ],
        "f1": [
          0.8708545138593419,
          0.9087751984173574
        ],
        "precision": [
          0.8578476072366501,
          0.9061592526175739
        ],
        "recall": [
          0.8738837840090797,
          0.9223200696430218
        ],
        "accuracy": [
          0.8672645739910314,
          0.9049327354260089
        ]
      }
    },
    "DTS+ET": {
      "threshold": 0.5,
      "auroc": 0.9801245596295414,
      "auprc": 0.9790363744480464,
      "f1": 0.9359190556492412,
      "precision": 0.9068627450980392,
      "recall": 0.9668989547038328,
      "accuracy": 0.9318385650224216,
      "tp": 555,
      "fp": 57,
      "fn": 19,
      "tn": 484,
      "threshold_source": "validation_f1_grid",
      "ci95": {
        "auroc": [
          0.9733634878530126,
          0.986139586170783
        ],
        "auprc": [
          0.9713248436164091,
          0.986064682019485
        ],
        "f1": [
          0.9213239780353875,
          0.9500435067414696
        ],
        "precision": [
          0.8833547114140783,
          0.9313991403692531
        ],
        "recall": [
          0.9520367437779537,
          0.9797389740486755
        ],
        "accuracy": [
          0.9165919282511211,
          0.9461883408071748
        ]
      }
    },
    "DTS+RF": {
      "threshold": 0.45,
      "auroc": 0.9784967185557781,
      "auprc": 0.9770813923150757,
      "f1": 0.9270746018440905,
      "precision": 0.8933764135702746,
      "recall": 0.9634146341463414,
      "accuracy": 0.9219730941704036,
      "tp": 553,
      "fp": 66,
      "fn": 21,
      "tn": 475,
      "threshold_source": "validation_f1_grid",
      "ci95": {
        "auroc": [
          0.9711425460135715,
          0.9849212493151492
        ],
        "auprc": [
          0.9681335200442658,
          0.9847336417427239
        ],
        "f1": [
          0.9119164336020779,
          0.9412773058048413
        ],
        "precision": [
          0.8700653333263825,
          0.9169360322388717
        ],
        "recall": [
          0.9464255752636624,
          0.9776962812547741
        ],
        "accuracy": [
          0.905829596412556,
          0.9372197309417041
        ]
      }
    },
    "DTS+HGB": {
      "threshold": 0.45,
      "auroc": 0.9894729723637348,
      "auprc": 0.9895777055163949,
      "f1": 0.951240376390077,
      "precision": 0.934453781512605,
      "recall": 0.9686411149825784,
      "accuracy": 0.9488789237668162,
      "tp": 556,
      "fp": 39,
      "fn": 18,
      "tn": 502,
      "threshold_source": "validation_f1_grid",
      "ci95": {
        "auroc": [
          0.985128156041453,
          0.9934880529013749
        ],
        "auprc": [
          0.9846645283061306,
          0.9939106872553994
        ],
        "f1": [
          0.9379298277370501,
          0.9634604662658497
        ],
        "precision": [
          0.913344598497978,
          0.9536957112509168
        ],
        "recall": [
          0.9530201342281879,
          0.9826403907151096
        ],
        "accuracy": [
          0.9354260089686098,
          0.9614349775784753
        ]
      }
    },
    "MiniROCKET": {
      "threshold": 0.48000000000000004,
      "auroc": 0.9759897466944037,
      "auprc": 0.9772077913881373,
      "f1": 0.9358752166377816,
      "precision": 0.9310344827586207,
      "recall": 0.9407665505226481,
      "accuracy": 0.9336322869955157,
      "tp": 540,
      "fp": 40,
      "fn": 34,
      "tn": 501,
      "threshold_source": "validation_f1_grid",
      "ci95": {
        "auroc": [
          0.9671803209090172,
          0.9838501060485577
        ],
        "auprc": [
          0.9681230307451575,
          0.9852603392824475
        ],
        "f1": [
          0.9206861124232404,
          0.9497925531914894
        ],
        "precision": [
          0.9097466656638589,
          0.9522184300341296
        ],
        "recall": [
          0.9204941764871183,
          0.959657894736842
        ],
        "accuracy": [
          0.9183632286995516,
          0.9479820627802691
        ]
      }
    }
  },
  "selected_configs": {
    "DTS+LR": {
      "selected_params": {
        "C": 0.05
      },
      "tau_star": 0.3
    },
    "DTS+ET": {
      "selected_params": {
        "max_features": 0.25,
        "n_estimators": 100
      },
      "tau_star": 0.3
    },
    "DTS+RF": {
      "selected_params": {
        "max_features": 0.25,
        "n_estimators": 600
      },
      "tau_star": 0.3
    },
    "DTS+HGB": {
      "selected_params": {
        "l2_regularization": 0.1,
        "learning_rate": 0.1,
        "max_iter": 600
      },
      "tau_star": 0.3
    },
    "MiniROCKET": {
      "n_kernels": 10000,
      "input_shape": [
        3565,
        34,
        150
      ]
    }
  },
  "matched_operating_points": {
    "DTS+HGB_vs_MiniROCKET": {
      "primary": "DTS+HGB",
      "comparator": "MiniROCKET",
      "default_primary": {
        "threshold": 0.45,
        "auroc": 0.9894729723637348,
        "auprc": 0.9895777055163949,
        "f1": 0.951240376390077,
        "precision": 0.934453781512605,
        "recall": 0.9686411149825784,
        "accuracy": 0.9488789237668162,
        "tp": 556,
        "fp": 39,
        "fn": 18,
        "tn": 502,
        "threshold_source": "validation_f1_grid",
        "ci95": {
          "auroc": [
            0.985128156041453,
            0.9934880529013749
          ],
          "auprc": [
            0.9846645283061306,
            0.9939106872553994
          ],
          "f1": [
            0.9379298277370501,
            0.9634604662658497
          ],
          "precision": [
            0.913344598497978,
            0.9536957112509168
          ],
          "recall": [
            0.9530201342281879,
            0.9826403907151096
          ],
          "accuracy": [
            0.9354260089686098,
            0.9614349775784753
          ]
        }
      },
      "default_comparator": {
        "threshold": 0.48000000000000004,
        "auroc": 0.9759897466944037,
        "auprc": 0.9772077913881373,
        "f1": 0.9358752166377816,
        "precision": 0.9310344827586207,
        "recall": 0.9407665505226481,
        "accuracy": 0.9336322869955157,
        "tp": 540,
        "fp": 40,
        "fn": 34,
        "tn": 501,
        "threshold_source": "validation_f1_grid",
        "ci95": {
          "auroc": [
            0.9671803209090172,
            0.9838501060485577
          ],
          "auprc": [
            0.9681230307451575,
            0.9852603392824475
          ],