{"Full": {"f1": 0.951240376390077, "auroc": 0.9894729723637348}, "-BBox-W": {"f1": 0.9420916162489196, "auroc": 0.9881655470898516}, "-Hip-Y": {"f1": 0.9392643284858854, "auroc": 0.985544256023495}, "-Torso-Ang": {"f1": 0.945264986967854, "auroc": 0.9891670477306833}, "-Hip-Spd": {"f1": 0.9490940465918896, "auroc": 0.9896822892179279}, "-Ctr-Spd": {"f1": 0.9488291413703382, "auroc": 0.9903682044478221}, "-Hip-Acc": {"f1": 0.9469103568320278, "auroc": 0.9894182279557149}, "-Shldr-Y": {"f1": 0.9428320140721196, "auroc": 0.9882331725350526}, "-Head-Y": {"f1": 0.9505962521294719, "auroc": 0.9902780371875544}, "StaticOnly": {"f1": 0.9390243902439024, "auroc": 0.9872187908570399}}