{
 "0": {
  "auroc": 0.7138199537827792,
  "f1": 0.7608915906788247,
  "n_test": 1547
 },
 "25": {
  "auroc": 0.7552999095750025,
  "f1": 0.7658260422027792,
  "n_test": 1547
 },
 "50": {
  "auroc": 0.783944539334874,
  "f1": 0.7727975270479135,
  "n_test": 1547
 },
 "100": {
  "auroc": 0.8176378981211695,
  "f1": 0.7927083333333333,
  "n_test": 1547
 },
 "200": {
  "auroc": 0.8483355102314211,
  "f1": 0.8107538218239325,
  "n_test": 1547
 }
}