{
 "Bed": {
  "n": 1747,
  "falls": 922,
  "f1": 0.7675145024542614,
  "auroc": 0.7123420758561756,
  "rec": 0.9327548806941431,
  "ci": {
   "f1": [
    0.7485092585975301,
    0.7875076507406789
   ],
   "auroc": [
    0.6867604880143922,
    0.735687582329815
   ],
   "rec": [
    0.9174847386699454,
    0.9476060356918315
   ]
  }
 },
 "Chair": {
  "n": 1878,
  "falls": 961,
  "f1": 0.9341825902335457,
  "auroc": 0.9843844504940213,
  "rec": 0.9157127991675338,
  "ci": {
   "f1": [
    0.9228388392772654,
    0.9443834708117245
   ],
   "auroc": [
    0.9798872923784313,
    0.9882875968859529
   ],
   "rec": [
    0.8992791011017077,
    0.9312840549102429
   ]
  }
 },
 "Stand": {
  "n": 1947,
  "falls": 984,
  "f1": 0.9371305749596991,
  "auroc": 0.9915870965563238,
  "rec": 0.8861788617886179,
  "ci": {
   "f1": [
    0.9259788662419319,
    0.9488129214681743
   ],
   "auroc": [
    0.9885982132873489,
    0.9945256403268552
   ],
   "rec": [
    0.8665962247394182,
    0.9059409820292375
   ]
  }
 },
 "iid_ref": {
  "n": 1115,
  "falls": 574,
  "f1": 0.9503424657534246,
  "auroc": 0.9894729723637348,
  "rec": 0.9668989547038328,
  "ci": {
   "f1": [
    0.9360133594004562,
    0.962457337883959
   ],
   "auroc": [
    0.9845732233804383,
    0.9930314734197775
   ],
   "rec": [
    0.9521142310207253,
    0.9809117245173197
   ]
  }
 }
}