{
 "1": {
  "n": 1513,
  "falls": 679,
  "f1": 0.8662162162162163,
  "auroc": 0.9382255609356402,
  "rec": 0.9440353460972017,
  "ci": {
   "f1": [
    0.8474317396861657,
    0.8842219079809616
   ],
   "auroc": [
    0.9258969973094968,
    0.9492139192937339
   ],
   "rec": [
    0.926252193179053,
    0.9604139503112776
   ]
  }
 },
 "2": {
  "n": 1593,
  "falls": 1072,
  "f1": 0.9655497876356772,
  "auroc": 0.9926035608903658,
  "rec": 0.9542910447761194,
  "ci": {
   "f1": [
    0.957919621749409,
    0.9732721532346009
   ],
   "auroc": [
    0.9897684116371726,
    0.9950688397907393
   ],
   "rec": [
    0.9408490567625897,
    0.9662011320257997
   ]
  }
 },
 "3": {
  "n": 2064,
  "falls": 903,
  "f1": 0.925207756232687,
  "auroc": 0.9840363683882702,
  "rec": 0.9246954595791805,
  "ci": {
   "f1": [
    0.9119800667273852,
    0.9373978691900181
   ],
   "auroc": [
    0.9796861910916086,
    0.9878861987449301
   ],
   "rec": [
    0.9068678964002984,
    0.941373202064195
   ]
  }
 },
 "4": {
  "n": 402,
  "falls": 213,
  "f1": 0.8675213675213675,
  "auroc": 0.9447549494497851,
  "rec": 0.9530516431924883,
  "ci": {
   "f1": [
    0.8356108010598117,
    0.9000103734439834
   ],
   "auroc": [
    0.9227361666125298,
    0.964509238161284
   ],
   "rec": [
    0.9237912087912088,
    0.9809523809523809
   ]
  }
 }
}