{
 "test": {
  "auroc": 0.9771618486235656,
  "f1": 0.91725768321513,
  "prec": 0.9349397590361446,
  "rec": 0.9002320185614849,
  "acc": 0.9290060851926978,
  "tp": 388,
  "fp": 27,
  "fn": 43,
  "tn": 528,
  "thr": 0.5599999999999999
 },
 "test_ci": {
  "auroc": [
   0.9679653059639326,
   0.9848844066199172
  ],
  "f1": [
   0.8972107520259562,
   0.9361726781884075
  ],
  "prec": [
   0.909948636830019,
   0.9584297023664997
  ],
  "rec": [
   0.8708117696839501,
   0.9278893561484919
  ],
  "acc": [
   0.9127789046653144,
   0.9442444219066936
  ]
 },
 "best_val_auroc": 0.9696012039127163,
 "params": 162177
}