{
 "test": {
  "auroc": 0.9294203716477498,
  "f1": 0.8331584470094439,
  "prec": 0.7605363984674329,
  "rec": 0.9211136890951276,
  "acc": 0.8387423935091278,
  "tp": 397,
  "fp": 125,
  "fn": 34,
  "tn": 430,
  "thr": 0.33999999999999997
 },
 "test_ci": {
  "auroc": [
   0.9137918486464448,
   0.94350018967552
  ],
  "f1": [
   0.807082795253527,
   0.8577041296664194
  ],
  "prec": [
   0.723656811530052,
   0.7953667953667953
  ],
  "rec": [
   0.893568561632586,
   0.9464730096757765
  ],
  "acc": [
   0.8154158215010142,
   0.8610547667342799
  ]
 },
 "best_val_auroc": 0.905361991690385,
 "params": 100129
}