{
 "test": {
  "auroc": 0.9242699776342468,
  "f1": 0.8305647840531561,
  "prec": 0.7944915254237288,
  "rec": 0.8700696055684455,
  "acc": 0.8448275862068966,
  "tp": 375,
  "fp": 97,
  "fn": 56,
  "tn": 458,
  "thr": 0.41999999999999993
 },
 "test_ci": {
  "auroc": [
   0.9075408798491776,
   0.9393787894014001
  ],
  "f1": [
   0.8018640008330731,
   0.8562163902099524
  ],
  "prec": [
   0.7573839662447257,
   0.8297894411582943
  ],
  "rec": [
   0.8358836669241001,
   0.9015325853367209
  ],
  "acc": [
   0.821501014198783,
   0.8671399594320487
  ]
 },
 "best_val_auroc": 0.9015866784440737,
 "params": 100129
}