{
 "test": {
  "auroc": 0.9755314479212391,
  "f1": 0.9177288528389339,
  "prec": 0.9166666666666666,
  "rec": 0.9187935034802784,
  "acc": 0.9279918864097363,
  "tp": 396,
  "fp": 36,
  "fn": 35,
  "tn": 519,
  "thr": 0.26999999999999996
 },
 "test_ci": {
  "auroc": [
   0.9665110138895412,
   0.9831921191328326
  ],
  "f1": [
   0.8970544152912964,
   0.9359292775196665
  ],
  "prec": [
   0.8909502214722632,
   0.9411764705882353
  ],
  "rec": [
   0.8909952606635071,
   0.9436954833806912
  ],
  "acc": [
   0.9107505070993914,
   0.9442190669371197
  ]
 },
 "best_val_auroc": 0.972722216769719,
 "params": 69249
}