{
 "test": {
  "auroc": 0.9781526305888254,
  "f1": 0.9127358490566038,
  "prec": 0.9280575539568345,
  "rec": 0.8979118329466357,
  "acc": 0.9249492900608519,
  "tp": 387,
  "fp": 30,
  "fn": 44,
  "tn": 525,
  "thr": 0.48999999999999994
 },
 "test_ci": {
  "auroc": [
   0.9690050886880844,
   0.985520779876596
  ],
  "f1": [
   0.8923444976076556,
   0.9316052509992694
  ],
  "prec": [
   0.902008818602818,
   0.953247360116519
  ],
  "rec": [
   0.8683032992160279,
   0.9251149089751074
  ],
  "acc": [
   0.9066937119675457,
   0.9411764705882353
  ]
 },
 "best_val_auroc": 0.9685477802859294,
 "params": 162177
}