{
 "test": {
  "auroc": 0.9503605693860915,
  "f1": 0.8697674418604651,
  "prec": 0.8717948717948718,
  "rec": 0.8677494199535963,
  "acc": 0.8864097363083164,
  "tp": 374,
  "fp": 55,
  "fn": 57,
  "tn": 500,
  "thr": 0.49999999999999994
 },
 "test_ci": {
  "auroc": [
   0.9363870847187539,
   0.962682840527243
  ],
  "f1": [
   0.8440313509120849,
   0.8927345722328421
  ],
  "prec": [
   0.8405771221532091,
   0.9009707646176911
  ],
  "rec": [
   0.8317449350393485,
   0.8984595936996599
  ],
  "acc": [
   0.8661257606490872,
   0.9056795131845842
  ]
 },
 "best_val_auroc": 0.9335099944384466,
 "params": 216193
}