{
 "test": {
  "auroc": 0.9785894943667566,
  "f1": 0.9355216881594373,
  "prec": 0.9454976303317536,
  "rec": 0.925754060324826,
  "acc": 0.9442190669371197,
  "tp": 399,
  "fp": 23,
  "fn": 32,
  "tn": 532,
  "thr": 0.58
 },
 "test_ci": {
  "auroc": [
   0.9686388339000911,
   0.9861394026977477
  ],
  "f1": [
   0.9170707528636625,
   0.951192519586944
  ],
  "prec": [
   0.9223057644110275,
   0.9661057790483969
  ],
  "rec": [
   0.8980570448727238,
   0.9485371067031463
  ],
  "acc": [
   0.9289807302231238,
   0.9574036511156186
  ]
 },
 "best_val_auroc": 0.9788104818922367,
 "params": 10506
}