{
 "Full": {
  "f1": 0.9351285189718482,
  "auroc": 0.9879267411406767
 },
 "-BBox-W": {
  "f1": 0.9364303178484108,
  "auroc": 0.9885895506243756
 },
 "-Hip-Y": {
  "f1": 0.9240048250904704,
  "auroc": 0.987144257722421
 },
 "-Torso-Ang": {
  "f1": 0.9236453201970444,
  "auroc": 0.985450411264079
 },
 "-Hip-Spd": {
  "f1": 0.9255583126550868,
  "auroc": 0.9888150899625788
 },
 "-Ctr-Spd": {
  "f1": 0.9338235294117647,
  "auroc": 0.988032606544323
 },
 "-Hip-Acc": {
  "f1": 0.9393203883495146,
  "auroc": 0.989680424566297
 },
 "-Shldr-Y": {
  "f1": 0.9359129383313181,
  "auroc": 0.9888058842753054
 },
 "-Head-Y": {
  "f1": 0.9349397590361446,
  "auroc": 0.9864216112714435
 },
 "StaticOnly": {
  "f1": 0.9244114002478315,
  "auroc": 0.9875723221806432
 }
}