{
 "Full": {
  "f1": 0.9372781065088758,
  "auroc": 0.9889759829435003
 },
 "-BBox-W": {
  "f1": 0.9385342789598109,
  "auroc": 0.9895863380782174
 },
 "-Hip-Y": {
  "f1": 0.926487747957993,
  "auroc": 0.9882360318555214
 },
 "-Torso-Ang": {
  "f1": 0.9261904761904762,
  "auroc": 0.9866725193871365
 },
 "-Hip-Spd": {
  "f1": 0.9280575539568345,
  "auroc": 0.9898037248385276
 },
 "-Ctr-Spd": {
  "f1": 0.9360189573459715,
  "auroc": 0.9890428711774419
 },
 "-Hip-Acc": {
  "f1": 0.9413145539906104,
  "auroc": 0.9905896615873414
 },
 "-Shldr-Y": {
  "f1": 0.9380116959064327,
  "auroc": 0.9897786417507994
 },
 "-Head-Y": {
  "f1": 0.9370629370629371,
  "auroc": 0.9876089546623189
 },
 "StaticOnly": {
  "f1": 0.9269461077844311,
  "auroc": 0.9885871950837148
 }
}