{
 "LSTM": {
  "test": {
   "auroc": 0.951154623326291,
   "f1": 0.8719806763285024,
   "prec": 0.878345498783455,
   "rec": 0.8657074340527577,
   "acc": 0.8869936034115139,
   "tp": 361,
   "fp": 50,
   "fn": 56,
   "tn": 471,
   "thr": 0.49999999999999994
  },
  "test_ci": {
   "auroc": [
    0.9377432601505017,
    0.9637549977170691
   ],
   "f1": [
    0.8479970074812967,
    0.8952904573157737
   ],
   "prec": [
    0.8454540131999149,
    0.9105882352941177
   ],
   "rec": [
    0.832183908045977,
    0.8975015243902439
   ],
   "acc": [
    0.8677771855010661,
    0.9072494669509595
   ]
  },
  "params": 216193,
  "selected": null
 },
 "GRU": {
  "test": {
   "auroc": 0.9761342557431982,
   "f1": 0.9144254278728606,
   "prec": 0.9326683291770573,
   "rec": 0.8968824940047961,
   "acc": 0.9253731343283582,
   "tp": 374,
   "fp": 27,
   "fn": 43,
   "tn": 494,
   "thr": 0.5599999999999999
  },
  "test_ci": {
   "auroc": [
    0.9671611165887198,
    0.9842201843938854
   ],
   "f1": [
    0.8947988926366702,
    0.9330085261875761
   ],
   "prec": [
    0.9072506075795549,
    0.956419096747026
   ],
   "rec": [
    0.8671670434828329,
    0.924172411316961
   ],
   "acc": [
    0.9093550106609808,
    0.94136460554371
   ]
  },
  "params": 162177,
  "selected": null
 },
 "Transformer": {
  "test": {
   "auroc": 0.974329941037573,
   "f1": 0.9171668667466987,
   "prec": 0.9182692307692307,
   "rec": 0.9160671462829736,
   "acc": 0.9264392324093816,
   "tp": 382,
   "fp": 34,
   "fn": 35,
   "tn": 487,
   "thr": 0.26999999999999996
  },
  "test_ci": {
   "auroc": [
    0.9656120136669132,
    0.9824399411029601
   ],
   "f1": [
    0.8976181571592964,
    0.9357831445592004
   ],
   "prec": [
    0.8912427449641516,
    0.9439058512847901
   ],
   "rec": [
    0.8899469390258864,
    0.9422123608806156
   ],
   "acc": [
    0.9093816631130064,
    0.9424307036247335
   ]
  },
  "params": 69249,
  "selected": null
 },
 "SimpleST-GCN": {
  "test": {
   "auroc": 0.9279194686477306,
   "f1": 0.8338762214983714,
   "prec": 0.7619047619047619,
   "rec": 0.920863309352518,
   "acc": 0.8368869936034116,
   "tp": 384,
   "fp": 120,
   "fn": 33,
   "tn": 401,
   "thr": 0.33999999999999997
  },
  "test_ci": {
   "auroc": [
    0.9119337339661027,
    0.9434702303443079
   ],
   "f1": [
    0.8066217460554478,
    0.8599821808877558
   ],
   "prec": [
    0.7247519429362291,
    0.7992713295424398
   ],
   "rec": [
    0.8951401971180837,
    0.9468604612243532
   ],
   "acc": [
    0.8134328358208955,
    0.8603411513859275
   ]
  },
  "params": 100129,
  "selected": null
 },
 "DTS-Net": {
  "test": {
   "auroc": 0.977406942008773,
   "f1": 0.9333333333333333,
   "prec": 0.9436274509803921,
   "rec": 0.9232613908872902,
   "acc": 0.94136460554371,
   "tp": 385,
   "fp": 23,
   "fn": 32,
   "tn": 498,
   "thr": 0.58
  },
  "test_ci": {
   "auroc": [
    0.9682004139967558,
    0.9858884012830572
   ],
   "f1": [
    0.914629084509236,
    0.9499374197689345
   ],
   "prec": [
    0.919703133345202,
    0.9657009825109185
   ],
   "rec": [
    0.8952074862154855,
    0.9477434679334917
   ],
   "acc": [
    0.9253731343283582,
    0.9562899786780383
   ]
  },
  "params": 10506,
  "selected": null
 },
 "DTS+LR": {
  "test": {
   "auroc": 0.9443562232747391,
   "f1": 0.8697788697788698,
   "prec": 0.8916876574307305,
   "rec": 0.8489208633093526,
   "acc": 0.8869936034115139,
   "tp": 354,
   "fp": 43,
   "fn": 63,
   "tn": 478,
   "thr": 0.49999999999999994
  },
  "test_ci": {
   "auroc": [
    0.9273823843129605,
    0.959495268338444
   ],
   "f1": [
    0.8429921534360713,
    0.8937209224487064
   ],
   "prec": [
    0.8599987714987715,
    0.9213260177167314
   ],
   "rec": [
    0.812047249048413,
    0.8811963305335272
   ],
   "acc": [
    0.8656716417910447,
    0.906183368869936
   ]
  },
  "params": null,
  "selected": {
   "params": {
    "C": 0.5
   },
   "val_auroc": 0.9470998135243891,
   "val_f1": 0.8976608187134503
  }
 },
 "DTS+ET": {
  "test": {
   "auroc": 0.9844239771330728,
   "f1": 0.9104477611940298,
   "prec": 0.9457364341085271,
   "rec": 0.8776978417266187,
   "acc": 0.9232409381663113,
   "tp": 366,
   "fp": 21,
   "fn": 51,
   "tn": 500,
   "thr": 0.57
  },
  "test_ci": {
   "auroc": [
    0.9782813798537173,
    0.9894811570557832
   ],
   "f1": [
    0.8886162338889209,
    0.930522376330989
   ],
   "prec": [
    0.9232802541306377,
    0.9678302386389964
   ],
   "rec": [
    0.8450241007174036,
    0.9080287922660191
   ],
   "acc": [
    0.9051172707889126,
    0.9402985074626866
   ]
  },
  "params": null,
  "selected": {
   "params": {
    "n": 100,
    "mf": "sqrt"
   },
   "val_auroc": 0.9847613439329996,
   "val_f1": 0.930780559646539
  }
 },
 "DTS+RF": {
  "test": {
   "auroc": 0.9839429799730274,
   "f1": 0.9122373300370828,
   "prec": 0.9413265306122449,
   "rec": 0.8848920863309353,
   "acc": 0.9243070362473348,
   "tp": 369,
   "fp": 23,
   "fn": 48,
   "tn": 498,
   "thr": 0.5299999999999999
  },
  "test_ci": {
   "auroc": [
    0.9775465928988806,
    0.9892948533135935
   ],
   "f1": [
    0.8917128307749876,
    0.9315411494671219
   ],
   "prec": [
    0.9177026527088872,
    0.9631517049199976
   ],
   "rec": [
    0.8526557724539091,
    0.9135535259133389
   ],
   "acc": [
    0.9072228144989339,
    0.9402985074626866
   ]
  },
  "params": null,
  "selected": {
   "params": {
    "n": 600,
    "mf": 0.25
   },
   "val_auroc": 0.9843164196682697,
   "val_f1": 0.9321533923303835
  }
 },
 "DTS+HGB": {
  "test": {
   "auroc": 0.9879267411406767,
   "f1": 0.9351285189718482,
   "prec": 0.955,
   "rec": 0.9160671462829736,
   "acc": 0.9434968017057569,
   "tp": 382,
   "fp": 18,
   "fn": 35,
   "tn": 503,
   "thr": 0.61
  },
  "test_ci": {
   "auroc": [
    0.9825388810126261,
    0.9924494387672885
   ],
   "f1": [
    0.9165596919127086,
    0.9514621734440223
   ],
   "prec": [
    0.9338380199408007,
    0.9746851425648894
   ],
   "rec": [
    0.8865248226950354,
    0.9423099078341014
   ],
   "acc": [
    0.928544776119403,
    0.9573560767590619
   ]
  },
  "params": null,
  "selected": {
   "params": {
    "it": 600,
    "lr": 0.2,
    "l2": 0.1
   },
   "val_auroc": 0.9886740602610659,
   "val_f1": 0.9464544138929089
  }
 }
}