{"n_overlap": 48, "auroc_dedup": 0.9879267411406767, "f1_dedup": 0.9351285189718482, "n_dedup": 938}