{
 "r": 0.6503884377283535,
 "p": 0.08077766441648013,
 "att": [
  0.12264283746480942,
  0.1436949521303177,
  0.11635776609182358,
  0.11198340356349945,
  0.10791454464197159,
  0.10388295352458954,
  0.14601245522499084,
  0.1475110799074173
 ],
 "att_std_max": 0.028728105127811432,
 "ei": [
  0.08857233249493451,
  0.1424145487013238,
  0.21502275720546776,
  0.07036461537809514,
  0.06615854038004902,
  0.061422733593698875,
  0.16927891272551707,
  0.18676555952091398
 ],
 "top_fam": "Head-Y",
 "top_attn": 0.1475110799074173,
 "top_ei": 0.18676555952091398,
 "sec_fam": "Shldr-Y",
 "sec_attn": 0.14601245522499084,
 "sec_ei": 0.16927891272551707
}