{
 "Bed": {
  "n": 1814,
  "falls": 953,
  "f1": 0.7897856817145463,
  "auroc": 0.7936012323696913,
  "rec": 0.9087093389296957,
  "ci": {
   "f1": [
    0.7708025764907889,
    0.8076756075721094
   ],
   "auroc": [
    0.7713674692926102,
    0.8154203124784515
   ],
   "rec": [
    0.8904615969326262,
    0.9261134919765596
   ]
  }
 },
 "Chair": {
  "n": 1950,
  "falls": 992,
  "f1": 0.9238476953907816,
  "auroc": 0.9700937352683683,
  "rec": 0.9294354838709677,
  "ci": {
   "f1": [
    0.9105442673400141,
    0.9352662622177284
   ],
   "auroc": [
    0.9618530095778339,
    0.9771405351386308
   ],
   "rec": [
    0.913085827216262,
    0.9450232769962554
   ]
  }
 },
 "Stand": {
  "n": 2029,
  "falls": 1021,
  "f1": 0.9619619619619619,
  "auroc": 0.9955255118697821,
  "rec": 0.941234084231146,
  "ci": {
   "f1": [
    0.9532594555294472,
    0.9700378268220712
   ],
   "auroc": [
    0.993542549149335,
    0.9971824038682446
   ],
   "rec": [
    0.9271968293943854,
    0.9553398058252427
   ]
  }
 },
 "iid_ref": {
  "n": 3057606,
  "falls": 431,
  "f1": 0.9386792452830188,
  "auroc": 0.9889759829435003,
  "rec": 0.9234338747099768,
  "ci": {
   "f1": [
    0.9206702686915887,
    0.954853675276001
   ],
   "auroc": [
    0.9839601474084759,
    0.9928582257580919
   ],
   "rec": [
    0.8972586736653437,
    0.9474998643957474
   ]
  }
 },
 "iid_ref_clean": {
  "f1": 0.9365853658536586
 }
}