{
 "1": {
  "n": 1581,
  "falls": 703,
  "f1": 0.8934753661784287,
  "auroc": 0.9534876562211414,
  "rec": 0.9544807965860598,
  "ci": {
   "f1": [
    0.8773298245614035,
    0.9095608928444431
   ],
   "auroc": [
    0.9428931171287127,
    0.9637994448531035
   ],
   "rec": [
    0.9386075326447086,
    0.9693176652952763
   ]
  }
 },
 "2": {
  "n": 1637,
  "falls": 1090,
  "f1": 0.9520190023752969,
  "auroc": 0.9921808697985677,
  "rec": 0.9192660550458716,
  "ci": {
   "f1": [
    0.9424948558362234,
    0.9610642287857478
   ],
   "auroc": [
    0.98941519191694,
    0.9949486401027602
   ],
   "rec": [
    0.902738432483475,
    0.935279504626793
   ]
  }
 },
 "3": {
  "n": 2161,
  "falls": 959,
  "f1": 0.941358024691358,
  "auroc": 0.987502580856723,
  "rec": 0.954118873826903,
  "ci": {
   "f1": [
    0.9300398622237702,
    0.9517104234851167
   ],
   "auroc": [
    0.9838161513464182,
    0.990853740340325
   ],
   "rec": [
    0.9406039185436594,
    0.967280163599182
   ]
  }
 },
 "4": {
  "n": 414,
  "falls": 214,
  "f1": 0.8956521739130435,
  "auroc": 0.9585981308411216,
  "rec": 0.9626168224299065,
  "ci": {
   "f1": [
    0.8638470546140585,
    0.924083708549749
   ],
   "auroc": [
    0.9395621750011643,
    0.9756831025757043
   ],
   "rec": [
    0.9342635105788919,
    0.9861751152073732
   ]
  }
 }
}