{
 "GRU": {
  "delta": 0.011814134319934722,
  "ci": [
   0.004249226541899634,
   0.02058154858294985
  ]
 },
 "Transformer": {
  "delta": 0.013444535022261173,
  "ci": [
   0.005351344381762951,
   0.02205833429443125
  ]
 },
 "DTS-Net": {
  "delta": 0.010386488576743735,
  "ci": [
   0.0037706654034476593,
   0.018141994176246724
  ]
 },
 "ET": {
  "delta": 0.0031249346794590682,
  "ci": [
   0.0004937239461310722,
   0.005927092976321115
  ]
 }
}