{
 "GRU": {
  "delta": 0.011792485397478458,
  "ci": [
   0.0038555910596467374,
   0.02033450078141702
  ]
 },
 "Transformer": {
  "delta": 0.013596800103103712,
  "ci": [
   0.005114846619705682,
   0.022342675744190077
  ]
 },
 "DTS-Net": {
  "delta": 0.010519799131903707,
  "ci": [
   0.003964279226929057,
   0.01785088774682855
  ]
 },
 "ET": {
  "delta": 0.0035027640076038535,
  "ci": [
   0.0007736028214994306,
   0.0066932319269536215
  ]
 },
 "MiniROCKET": {
  "delta": 0.00754406072071323,
  "ci": [
   9.124979014207003e-05,
   0.015048082051302678
  ]
 }
}